<!--
 Describes the plugin archive

 @author Decebal Suiu
 @version 1.0
-->
<assembly>
    <id>plugin</id>
    <formats>
        <format>zip</format>
    </formats>
    <includeBaseDirectory>false</includeBaseDirectory>
    <dependencySets>
        <dependencySet>
            <useProjectArtifact>false</useProjectArtifact>
            <scope>runtime</scope>
            <outputDirectory>lib</outputDirectory>
            <includes>
                <include>*:jar:*</include>
            </includes>
            <excludes>
                <exclude>org.slf4j:*</exclude>
            </excludes>
        </dependencySet>
    </dependencySets>
    <fileSets>
        <fileSet>
            <directory>target/plugin-classes</directory>
            <outputDirectory>classes</outputDirectory>
        </fileSet>
        <fileSet>
            <directory>src/main/resources</directory>
            <outputDirectory>resources</outputDirectory>
            <includes>
                <include>plugin.properties</include>
                <include>application.properties</include>
            </includes>
        </fileSet>
    </fileSets>
</assembly>
